,Country Name,Year,Unemployment Rate,Education Expenditure (% Government Expenditure)
0,Austria,1991,3.405,
1,Belgium,1991,17.2,
2,Bulgaria,1991,20.382,10.9380292892456
3,Switzerland,1991,3.497,15.5292482376099
4,Cyprus,1991,9.957,
5,Czechia,1991,4.156,
6,Germany,1991,5.861,8.46196365356445
7,Denmark,1991,12.359,
8,Spain,1991,37.56,
9,Estonia,1991,3.99,
10,Finland,1991,13.152,
11,France,1991,22.616,
12,United Kingdom,1991,11.459,
13,Greece,1991,33.725,
14,Croatia,1991,38.559,
15,Hungary,1991,13.408,
16,Ireland,1991,20.767,
17,Italy,1991,33.929,
18,Lithuania,1991,1.83,
19,Luxembourg,1991,2.285,
20,Latvia,1991,5.358,
21,Malta,1991,10.066,
22,Netherlands,1991,12.002,
23,Norway,1991,11.717,
24,Poland,1991,28.888,
25,Portugal,1991,11.669,
26,Romania,1991,25.912,
27,Slovak Republic,1991,21.125,
28,Slovenia,1991,19.398,
29,Sweden,1991,7.261,
30,Austria,1992,3.993,
31,Belgium,1992,15.241,
32,Bulgaria,1992,27.877,11.9182796478271
33,Switzerland,1992,4.252,15.3484115600586
34,Cyprus,1992,5.249,
35,Czechia,1992,5.915,
36,Germany,1992,6.553,9.04996490478516
37,Denmark,1992,12.564,
38,Spain,1992,39.858,
39,Estonia,1992,8.159,
40,Finland,1992,22.679,
41,France,1992,24.982,
42,United Kingdom,1992,11.683,
43,Greece,1992,34.417,
44,Croatia,1992,36.696,
45,Hungary,1992,14.886,
46,Ireland,1992,20.387,
47,Italy,1992,33.131,
48,Lithuania,1992,2.011,
49,Luxembourg,1992,3.114,
50,Latvia,1992,13.088,
51,Malta,1992,10.113,
52,Netherlands,1992,8.576,
53,Norway,1992,12.268,
54,Poland,1992,29.951,
55,Portugal,1992,10.789,
56,Romania,1992,26.246,
57,Slovak Republic,1992,21.585,
58,Slovenia,1992,21.81,
59,Sweden,1992,10.939,
60,Austria,1993,4.571,
61,Belgium,1993,19.692,
62,Bulgaria,1993,29.805,10.8772258758545
63,Switzerland,1993,5.495,14.8963422775269
64,Cyprus,1993,8.984,
65,Czechia,1993,10.548,
66,Germany,1993,7.701,9.23796844482422
67,Denmark,1993,14.74,
68,Spain,1993,46.603,
69,Estonia,1993,13.069,
70,Finland,1993,30.446,
71,France,1993,27.576,
72,United Kingdom,1993,13.474,
73,Greece,1993,36.601,
74,Croatia,1993,34.23,
75,Hungary,1993,18.108,
76,Ireland,1993,22.243,
77,Italy,1993,35.245,
78,Lithuania,1993,22.908,
79,Luxembourg,1993,4.255,
80,Latvia,1993,32.499,
81,Malta,1993,10.187,
82,Netherlands,1993,9.565,
83,Norway,1993,12.878,
84,Poland,1993,32.355,
85,Portugal,1993,14.765,
86,Romania,1993,26.324,
87,Slovak Republic,1993,22.088,
88,Slovenia,1993,24.738,
89,Sweden,1993,18.929,
90,Austria,1994,5.248,
91,Belgium,1994,23.413,
92,Bulgaria,1994,23.277,9.27444458007812
93,Switzerland,1994,6.283,14.7339468002319
94,Cyprus,1994,7.998,
95,Czechia,1994,9.856,
96,Germany,1994,8.432,9.16286087036133
97,Denmark,1994,10.186,
98,Spain,1994,49.666,
99,Estonia,1994,11.83,
100,Finland,1994,30.709,
101,France,1994,30.325,
102,United Kingdom,1994,12.831,
103,Greece,1994,37.443,
104,Croatia,1994,32.51,
105,Hungary,1994,16.433,
106,Ireland,1994,20.094,
107,Italy,1994,36.073,
108,Lithuania,1994,22.652,
109,Luxembourg,1994,7.253,
110,Latvia,1994,36.044,
111,Malta,1994,10.194,
112,Netherlands,1994,8.986,
113,Norway,1994,11.76,
114,Poland,1994,34.335,
115,Portugal,1994,17.023,
116,Romania,1994,25.543,
117,Slovak Republic,1994,26.468,
118,Slovenia,1994,21.952,
119,Sweden,1994,19.596,
120,Austria,1995,6.166,9.9002161026001
121,Belgium,1995,23.72,11.0044212341309
122,Bulgaria,1995,20.237,11.4207429885864
123,Switzerland,1995,4.553,14.7856245040894
124,Cyprus,1995,7.425,15.275146484375
125,Czechia,1995,8.694,9.82418346405029
126,Germany,1995,8.198,7.50564336776733
127,Denmark,1995,12.347,10.8777933120728
128,Spain,1995,48.356,9.85406589508057
129,Estonia,1995,16.363,18.4789333343506
130,Finland,1995,40.435,11.3498773574829
131,France,1995,30.608,10.5009965896606
132,United Kingdom,1995,12.601,11.3720350265503
133,Greece,1995,38.165,8.00047397613525
134,Croatia,1995,30.094,10.8332357406616
135,Hungary,1995,15.609,10.0814151763916
136,Ireland,1995,16.926,14.1052875518799
137,Italy,1995,38.62,8.45182800292969
138,Lithuania,1995,28.3,15.2483863830566
139,Luxembourg,1995,7.824,10.9946479797363
140,Latvia,1995,36.662,16.4210472106934
141,Malta,1995,10.18,12.9047002792358
142,Netherlands,1995,12.762,9.52947330474854
143,Norway,1995,18.335,12.1315717697144
144,Poland,1995,33.543,12.3728256225586
145,Portugal,1995,17.083,13.2874689102173
146,Romania,1995,23.442,9.80720520019531
147,Slovak Republic,1995,23.078,7.24527454376221
148,Slovenia,1995,19.319,11.839991569519
149,Sweden,1995,18.025,10.9406509399414
150,Austria,1996,6.512,9.88414573669434
151,Belgium,1996,24.428,11.1524782180786
152,Bulgaria,1996,22.801,8.89816570281982
153,Switzerland,1996,4.048,14.5701904296875
154,Cyprus,1996,8.297,14.8348302841187
155,Czechia,1996,8.316,11.3067626953125
156,Germany,1996,8.635,8.57922649383545
157,Denmark,1996,12.379,11.0823926925659
158,Spain,1996,48.236,10.0658941268921
159,Estonia,1996,16.631,17.951587677002
160,Finland,1996,41.005,11.4926624298096
161,France,1996,30.251,10.4452610015869
162,United Kingdom,1996,11.399,11.3914403915405
163,Greece,1996,42.053,8.17508697509766
164,Croatia,1996,27.812,10.3629541397095
165,Hungary,1996,17.251,10.4845571517944
166,Ireland,1996,16.64,14.5881376266479
167,Italy,1996,40.099,8.72720146179199
168,Lithuania,1996,26.236,14.5829277038574
169,Luxembourg,1996,8.301,11.1166839599609
170,Latvia,1996,39.804,14.646671295166
171,Malta,1996,10.232,13.0859384536743
172,Netherlands,1996,11.628,10.7147254943848
173,Norway,1996,15.607,11.9529342651367
174,Poland,1996,31.04,12.0212316513062
175,Portugal,1996,19.964,13.6082525253296
176,Romania,1996,23.996,10.9271612167358
177,Slovak Republic,1996,21.603,6.74893236160278
178,Slovenia,1996,16.88,13.4755754470825
179,Sweden,1996,19.906,11.1235055923462
180,Austria,1997,7.331,10.3714122772217
181,Belgium,1997,25.725,11.2715930938721
182,Bulgaria,1997,25.577,10.5071325302124
183,Switzerland,1997,3.833,14.3693237304688
184,Cyprus,1997,8.434,14.9711894989014
185,Czechia,1997,7.207,11.0102977752686
186,Germany,1997,9.151,8.70657253265381
187,Denmark,1997,9.788,11.451810836792
188,Spain,1997,45.764,10.1405954360962
189,Estonia,1997,15.288,17.8191814422607
190,Finland,1997,36.869,11.4716348648071
191,France,1997,31.011,10.4342470169067
192,United Kingdom,1997,11.176,11.525050163269
193,Greece,1997,41.238,8.98880863189697
194,Croatia,1997,26.864,10.3505506515503
195,Hungary,1997,14.066,10.8694581985474
196,Ireland,1997,14.539,12.195839881897
197,Italy,1997,40.999,9.02195453643799
198,Lithuania,1997,22.374,10.2474327087402
199,Luxembourg,1997,9.174,10.9695882797241
200,Latvia,1997,28.672,14.9533185958862
201,Malta,1997,10.349,13.5113573074341
202,Netherlands,1997,10.299,10.7291498184204
203,Norway,1997,14.526,12.9511337280273
204,Poland,1997,25.821,12.5602149963379
205,Portugal,1997,17.954,14.2910861968994
206,Romania,1997,19.333,9.13021755218506
207,Slovak Republic,1997,22.566,7.68892812728882
208,Slovenia,1997,19.31,13.3956451416016
209,Sweden,1997,20.259,11.7566118240356
210,Austria,1998,7.606,10.2366361618042
211,Belgium,1998,23.059,11.5008249282837
212,Bulgaria,1998,21.972,9.74993801116943
213,Switzerland,1998,6.985,14.1690073013306
214,Cyprus,1998,7.684,14.9054288864136
215,Czechia,1998,12.811,10.734224319458
216,Germany,1998,8.541,8.63432598114014
217,Denmark,1998,7.661,12.0758438110352
218,Spain,1998,43.126,10.0916614532471
219,Estonia,1998,11.713,17.4072589874268
220,Finland,1998,35.327,11.7279148101807
221,France,1998,28.327,10.6019840240479
222,United Kingdom,1998,10.626,11.4627780914307
223,Greece,1998,39.634,8.06789207458496
224,Croatia,1998,30.91,11.1370267868042
225,Hungary,1998,12.65,10.2564430236816
226,Ireland,1998,10.686,12.3517360687256
227,Italy,1998,38.786,9.2203950881958
228,Lithuania,1998,18.914,14.1967058181763
229,Luxembourg,1998,7.073,11.3876857757568
230,Latvia,1998,26.076,16.3469982147217
231,Malta,1998,10.333,12.9086561203003
232,Netherlands,1998,9.265,10.736177444458
233,Norway,1998,12.901,12.667947769165
234,Poland,1998,23.238,12.0950479507446
235,Portugal,1998,10.761,14.2966842651367
236,Romania,1998,17.104,11.3865308761597
237,Slovak Republic,1998,20.43,7.24566888809204
238,Slovenia,1998,18.312,13.082914352417
239,Sweden,1998,16.247,12.6438131332397
240,Austria,1999,6.382,10.3358402252197
241,Belgium,1999,22.449,11.4194593429565
242,Bulgaria,1999,26.837,9.97500324249268
243,Switzerland,1999,5.667,13.9305839538574
244,Cyprus,1999,14.385,14.9772434234619
245,Czechia,1999,16.97,10.2491369247437
246,Germany,1999,7.72,8.58439826965332
247,Denmark,1999,10.494,11.8901042938232
248,Spain,1999,36.997,10.5077142715454
249,Estonia,1999,21.876,17.8168888092041
250,Finland,1999,31.181,11.6999225616455
251,France,1999,28.148,10.7792158126831
252,United Kingdom,1999,10.313,12.3737344741821
253,Greece,1999,41.359,8.12561893463135
254,Croatia,1999,35.945,11.1403837203979
255,Hungary,1999,10.656,10.5633296966553
256,Ireland,1999,8.217,12.4826955795288
257,Italy,1999,38.73,9.38837718963623
258,Lithuania,1999,20.989,16.6883506774902
259,Luxembourg,1999,7.399,11.370644569397
260,Latvia,1999,19.604,14.8978586196899
261,Malta,1999,10.388,12.9728145599365
262,Netherlands,1999,8.164,11.0394229888916
263,Norway,1999,11.34,12.3750829696655
264,Poland,1999,30.892,13.1575613021851
265,Portugal,1999,11.022,15.0885963439941
266,Romania,1999,15.56,7.99784851074219
267,Slovak Republic,1999,30.807,6.70485973358154
268,Slovenia,1999,19.993,13.1335554122925
269,Sweden,1999,14.923,12.8040809631348
270,Austria,2000,5.578,10.2170248031616
271,Belgium,2000,18.155,11.2052040100098
272,Bulgaria,2000,29.627,9.81768417358398
273,Switzerland,2000,3.918,14.0967302322388
274,Cyprus,2000,13.61,14.7767457962036
275,Czechia,2000,16.451,10.7525682449341
276,Germany,2000,7.453,8.52844333648682
277,Denmark,2000,6.987,11.9353685379028
278,Spain,2000,32.16,10.5237493515015
279,Estonia,2000,19.638,17.620044708252
280,Finland,2000,30.847,12.2187032699585
281,France,2000,22.483,10.8389720916748
282,United Kingdom,2000,10.324,13.2251052856445
283,Greece,2000,38.277,8.31639289855957
284,Croatia,2000,41.323,11.201714515686
285,Hungary,2000,10.398,11.2330541610718
286,Ireland,2000,6.727,12.938889503479
287,Italy,2000,35.598,9.32159328460693
288,Lithuania,2000,27.254,15.3608303070068
289,Luxembourg,2000,7.322,11.2205286026001
290,Latvia,2000,21.684,14.6156311035156
291,Malta,2000,10.401,12.8515138626099
292,Netherlands,2000,5.872,10.9843473434448
293,Norway,2000,11.226,12.2750225067139
294,Poland,2000,36.74,13.1245346069336
295,Portugal,2000,11.785,14.9108409881592
296,Romania,2000,16.006,8.13998699188232
297,Slovak Republic,2000,33.28,7.10075330734253
298,Slovenia,2000,18.333,12.8971576690674
299,Sweden,2000,7.951,12.0726413726807
300,Austria,2001,5.794,10.1091136932373
301,Belgium,2001,16.632,11.5008573532104
302,Bulgaria,2001,35.341,8.92736148834229
303,Switzerland,2001,5.494,14.7989168167114
304,Cyprus,2001,10.16,14.5130062103271
305,Czechia,2001,16.179,10.4524850845337
306,Germany,2001,6.405,8.75545024871826
307,Denmark,2001,9.247,12.1024618148804
308,Spain,2001,26.419,10.4827470779419
309,Estonia,2001,31.065,18.1624450683594
310,Finland,2001,29.028,12.4842576980591
311,France,2001,20.418,10.8771810531616
312,United Kingdom,2001,8.639,13.6043968200684
313,Greece,2001,36.461,8.07203769683838
314,Croatia,2001,41.273,11.3280839920044
315,Hungary,2001,9.528,11.3520240783691
316,Ireland,2001,5.616,12.7310466766357
317,Italy,2001,31.848,9.33592224121094
318,Lithuania,2001,24.651,16.4876022338867
319,Luxembourg,2001,5.483,11.5329360961914
320,Latvia,2001,24.02,16.027006149292
321,Malta,2001,14.592,13.6067485809326
322,Netherlands,2001,4.558,10.7165050506592
323,Norway,2001,11.909,12.3536577224731
324,Poland,2001,40.256,13.4195232391357
325,Portugal,2001,12.04,14.6478080749512
326,Romania,2001,17.216,10.6226367950439
327,Slovak Republic,2001,34.413,7.95849180221558
328,Slovenia,2001,16.611,13.1447324752808
329,Sweden,2001,10.604,12.8035316467285
330,Austria,2002,6.538,10.1529273986816
331,Belgium,2002,15.184,11.6047554016113
332,Bulgaria,2002,31.499,9.55589771270752
333,Switzerland,2002,3.922,14.686710357666
334,Cyprus,2002,7.336,14.5829057693481
335,Czechia,2002,14.979,11.0171871185303
336,Germany,2002,7.238,8.7079610824585
337,Denmark,2002,5.182,12.3573884963989
338,Spain,2002,27.74,10.5665941238403
339,Estonia,2002,24.742,18.2003059387207
340,Finland,2002,29.278,12.6149435043335
341,France,2002,20.727,10.9577140808105
342,United Kingdom,2002,8.708,14.7167654037476
343,Greece,2002,34.841,8.54877948760986
344,Croatia,2002,38.617,12.5106134414673
345,Hungary,2002,10.226,11.1195278167725
346,Ireland,2002,6.41,12.1440725326538
347,Italy,2002,31.796,9.50787544250488
348,Lithuania,2002,21.579,17.4590110778809
349,Luxembourg,2002,8.993,11.0636224746704
350,Latvia,2002,25.39,16.2490139007568
351,Malta,2002,14.165,14.1193323135376
352,Netherlands,2002,4.832,11.0190944671631
353,Norway,2002,12.183,12.222559928894
354,Poland,2002,42.051,13.5851888656616
355,Portugal,2002,12.115,15.0870504379272
356,Romania,2002,22.086,11.4455919265747
357,Slovak Republic,2002,36.386,7.60453367233276
358,Slovenia,2002,16.565,13.5882501602173
359,Sweden,2002,12.43,12.7675857543945
360,Austria,2003,6.746,10.2627859115601
361,Belgium,2003,17.498,11.5436449050903
362,Bulgaria,2003,24.033,10.7672672271729
363,Switzerland,2003,8.731,15.3090171813965
364,Cyprus,2003,8.516,14.9054718017578
365,Czechia,2003,17.478,10.6412544250488
366,Germany,2003,8.055,8.64251327514648
367,Denmark,2003,8.971,12.2421703338623
368,Spain,2003,26.439,10.5926456451416
369,Estonia,2003,31.911,17.9200572967529
370,Finland,2003,29.39,12.7579383850098
371,France,2003,18.138,10.8201856613159
372,United Kingdom,2003,9.373,14.4708662033081
373,Greece,2003,35.299,9.13454627990723
374,Croatia,2003,38.143,12.0232057571411
375,Hungary,2003,12.049,13.0513229370117
376,Ireland,2003,6.864,12.5701971054077
377,Italy,2003,31.286,9.63621044158936
378,Lithuania,2003,32.869,17.1585083007812
379,Luxembourg,2003,12.207,11.247633934021
380,Latvia,2003,26.607,15.742730140686
381,Malta,2003,19.681,13.0216245651245
382,Netherlands,2003,6.506,11.3950128555298
383,Norway,2003,11.246,12.6790180206299
384,Poland,2003,42.617,13.3618850708008
385,Portugal,2003,16.754,14.3763580322266
386,Romania,2003,20.039,10.6277275085449
387,Slovak Republic,2003,30.792,10.8187131881714
388,Slovenia,2003,18.403,13.3926591873169
389,Sweden,2003,13.117,12.5840692520142
390,Austria,2004,11.863,9.15046119689941
391,Belgium,2004,19.497,11.4161128997803
392,Bulgaria,2004,23.785,10.4770545959473
393,Switzerland,2004,7.366,15.1373510360718
394,Cyprus,2004,9.313,14.9483184814453
395,Czechia,2004,17.897,11.2805690765381
396,Germany,2004,10.233,8.77161598205566
397,Denmark,2004,7.047,12.5096940994263
398,Spain,2004,26.425,10.6286649703979
399,Estonia,2004,23.89,18.0984725952148
400,Finland,2004,28.2,12.6649990081787
401,France,2004,19.737,10.4804420471191
402,United Kingdom,2004,9.629,13.8993368148804
403,Greece,2004,35.475,8.62540149688721
404,Croatia,2004,36.741,11.5024547576904
405,Hungary,2004,14.15,12.0897092819214
406,Ireland,2004,7.316,12.5068759918213
407,Italy,2004,29.112,9.21776676177979
408,Lithuania,2004,16.548,19.1818199157715
409,Luxembourg,2004,22.363,11.2383670806885
410,Latvia,2004,30.842,16.4174213409424
411,Malta,2004,18.072,13.0653820037842
412,Netherlands,2004,8.13,11.7296485900879
413,Norway,2004,11.568,12.444375038147
414,Poland,2004,41.447,13.0003843307495
415,Portugal,2004,15.911,14.369065284729
416,Romania,2004,18.774,10.7533826828003
417,Slovak Republic,2004,30.437,9.93444347381592
418,Slovenia,2004,17.684,13.6627960205078
419,Sweden,2004,17.147,12.6436491012573
420,Austria,2005,10.304,9.39920520782471
421,Belgium,2005,22.047,10.9779834747314
422,Bulgaria,2005,21.046,11.2711486816406
423,Switzerland,2005,9.085,15.1917314529419
424,Cyprus,2005,14.18,14.4089345932007
425,Czechia,2005,19.053,11.2287092208862
426,Germany,2005,14.051,8.78028964996338
427,Denmark,2005,8.567,12.4436130523682
428,Spain,2005,23.389,10.4052257537842
429,Estonia,2005,13.797,17.5179996490479
430,Finland,2005,19.51,12.4618701934814
431,France,2005,21.246,10.3551263809204
432,United Kingdom,2005,10.879,13.3879680633545
433,Greece,2005,34.643,9.24479007720947
434,Croatia,2005,34.605,11.7812232971191
435,Hungary,2005,19.027,12.1468019485474
436,Ireland,2005,7.673,12.4351167678833
437,Italy,2005,27.644,9.4085693359375
438,Lithuania,2005,15.45,18.2094573974609
439,Luxembourg,2005,16.209,11.1872911453247
440,Latvia,2005,18.456,15.2358856201172
441,Malta,2005,16.046,12.7067279815674
442,Netherlands,2005,10.992,12.1407403945923
443,Norway,2005,10.607,12.2606573104858
444,Poland,2005,38.211,13.7390213012695
445,Portugal,2005,19.16,14.2934398651123
446,Romania,2005,18.557,10.8933877944946
447,Slovak Republic,2005,28.886,9.77882766723633
448,Slovenia,2005,17.712,14.0315799713135
449,Sweden,2005,21.809,12.6990404129028
450,Austria,2006,9.739,9.53390502929688
451,Belgium,2006,22.549,11.5367441177368
452,Bulgaria,2006,20.288,10.7262678146362
453,Switzerland,2006,7.46,15.4210720062256
454,Cyprus,2006,10.843,14.4986753463745
455,Czechia,2006,18.674,11.8212118148804
456,Germany,2006,12.566,8.90677928924561
457,Denmark,2006,7.461,12.424934387207
458,Spain,2006,21.495,10.4370346069336
459,Estonia,2006,15.159,17.5368518829346
460,Finland,2006,18.438,12.4433355331421
461,France,2006,22.497,10.3564348220825
462,United Kingdom,2006,11.936,13.7800807952881
463,Greece,2006,34.815,8.08978462219238
464,Croatia,2006,30.758,11.1515274047852
465,Hungary,2006,19.765,11.5181198120117
466,Ireland,2006,7.808,11.9533157348633
467,Italy,2006,25.493,9.15353393554688
468,Lithuania,2006,10.547,15.6859064102173
469,Luxembourg,2006,15.051,11.2342329025269
470,Latvia,2006,16.105,15.360034942627
471,Malta,2006,14.434,12.9202871322632
472,Netherlands,2006,10.043,11.9854497909546
473,Norway,2006,8.657,11.939603805542
474,Poland,2006,31.565,13.3620262145996
475,Portugal,2006,18.518,14.1532611846924
476,Romania,2006,20.382,11.6164827346802
477,Slovak Republic,2006,27.002,10.0411043167114
478,Slovenia,2006,16.697,13.940541267395
479,Sweden,2006,22.014,12.7704639434814
480,Austria,2007,9.645,9.52635955810547
481,Belgium,2007,20.858,11.3690233230591
482,Bulgaria,2007,15.953,9.52760219573975
483,Switzerland,2007,7.388,15.2347688674927
484,Cyprus,2007,9.025,14.7981653213501
485,Czechia,2007,10.98,10.6711826324463
486,Germany,2007,11.095,9.04431533813477
487,Denmark,2007,7.366,11.9803829193115
488,Spain,2007,21.716,10.3825521469116
489,Estonia,2007,7.149,17.0132350921631
490,Finland,2007,16.575,12.4147138595581
491,France,2007,19.43,10.0942478179932
492,United Kingdom,2007,12.463,13.8071508407593
493,Greece,2007,32.231,7.63677549362183
494,Croatia,2007,29.148,10.914288520813
495,Hungary,2007,18.867,11.0570459365845
496,Ireland,2007,7.871,12.1383266448975
497,Italy,2007,23.337,9.45093727111816
498,Lithuania,2007,10.446,14.1359329223633
499,Luxembourg,2007,16.72,11.4387903213501
500,Latvia,2007,9.981,15.9354991912842
501,Malta,2007,11.837,12.7065868377686
502,Netherlands,2007,9.292,12.047568321228
503,Norway,2007,6.566,11.6383047103882
504,Poland,2007,23.75,13.2720899581909
505,Portugal,2007,20.333,13.308819770813
506,Romania,2007,18.928,10.2726764678955
507,Slovak Republic,2007,20.231,10.0337495803833
508,Slovenia,2007,11.149,13.5291805267334
509,Sweden,2007,19.796,12.6989717483521
510,Austria,2008,8.598,9.72220516204834
511,Belgium,2008,18.718,11.2771291732788
512,Bulgaria,2008,11.401,10.652626991272
513,Switzerland,2008,7.387,15.2296237945557
514,Cyprus,2008,9.07,15.5970468521118
515,Czechia,2008,9.915,10.5268926620483
516,Germany,2008,9.992,8.92984580993652
517,Denmark,2008,10.311,12.1115255355835
518,Spain,2008,25.527,10.3598051071167
519,Estonia,2008,11.308,16.422779083252
520,Finland,2008,15.788,12.1907577514648
521,France,2008,18.015,10.1141309738159
522,United Kingdom,2008,12.722,13.0426292419434
523,Greece,2008,28.688,7.42687034606934
524,Croatia,2008,28.157,10.4034261703491
525,Hungary,2008,20.352,10.8671245574951
526,Ireland,2008,10.048,11.3260879516602
527,Italy,2008,24.628,8.96302890777588
528,Lithuania,2008,13.902,15.0595808029175
529,Luxembourg,2008,24.114,11.4438514709473
530,Latvia,2008,13.159,16.4017181396484
531,Malta,2008,9.996,12.1297454833984
532,Netherlands,2008,7.796,12.0563087463379
533,Norway,2008,6.594,11.5205039978027
534,Poland,2008,19.821,12.7606935501099
535,Portugal,2008,20.291,13.272910118103
536,Romania,2008,18.535,11.3391313552856
537,Slovak Republic,2008,19.845,9.9616641998291
538,Slovenia,2008,11.21,13.404333114624
539,Sweden,2008,20.733,12.7994794845581
540,Austria,2009,10.093,9.45856857299805
541,Belgium,2009,22.485,11.1327447891235
542,Bulgaria,2009,13.859,10.3638000488281
543,Switzerland,2009,8.955,15.2887344360352
544,Cyprus,2009,13.472,15.0933561325073
545,Czechia,2009,16.698,10.4351472854614
546,Germany,2009,9.786,9.01806831359863
547,Denmark,2009,11.543,12.267725944519
548,Spain,2009,36.144,10.1776542663574
549,Estonia,2009,21.844,15.2818441390991
550,Finland,2009,18.909,11.9996738433838
551,France,2009,21.618,9.92237758636475
552,United Kingdom,2009,15.992,13.1484518051147
553,Greece,2009,33.693,7.63661861419678
554,Croatia,2009,27.36,10.7116813659668
555,Hungary,2009,24.44,10.6141624450684
556,Ireland,2009,16.811,10.1927270889282
557,Italy,2009,28.573,8.86478042602539
558,Lithuania,2009,22.424,14.9808282852173
559,Luxembourg,2009,17.736,11.4258337020874
560,Latvia,2009,29.397,14.6940021514893
561,Malta,2009,12.553,12.8068351745605
562,Netherlands,2009,8.987,11.7798805236816
563,Norway,2009,7.867,11.6466312408447
564,Poland,2009,21.16,12.0212306976318
565,Portugal,2009,21.673,13.0202569961548
566,Romania,2009,20.34,9.56932735443115
567,Slovak Republic,2009,26.568,10.0805253982544
568,Slovenia,2009,13.332,13.4246673583984
569,Sweden,2009,23.758,12.8087129592896
570,Austria,2010,9.375,9.69365501403809
571,Belgium,2010,22.352,11.2154445648193
572,Bulgaria,2010,20.123,9.88965129852295
573,Switzerland,2010,8.718,15.1756076812744
574,Cyprus,2010,16.623,15.5240621566772
575,Czechia,2010,18.505,10.585657119751
576,Germany,2010,8.784,9.11344146728516
577,Denmark,2010,13.146,12.583722114563
578,Spain,2010,39.603,9.9380931854248
579,Estonia,2010,29.525,16.1728553771973
580,Finland,2010,18.952,12.1376848220825
581,France,2010,22.988,9.92166805267334
582,United Kingdom,2010,17.48,13.2431955337524
583,Greece,2010,40.702,7.8240270614624
584,Croatia,2010,33.501,10.8336887359619
585,Hungary,2010,24.603,11.2314052581787
586,Ireland,2010,20.912,
587,Italy,2010,29.434,8.70691394805908
588,Lithuania,2010,31.642,13.9693470001221
589,Luxembourg,2010,10.159,11.9670057296753
590,Latvia,2010,34.912,13.4196310043335
591,Malta,2010,11.839,13.554051399231
592,Netherlands,2010,10.129,11.7047338485718
593,Norway,2010,7.512,11.588888168335
594,Poland,2010,25.422,12.0815353393555
595,Portugal,2010,24.021,12.972752571106
596,Romania,2010,21.879,8.2358341217041
597,Slovak Republic,2010,32.031,10.7363271713257
598,Slovenia,2010,13.809,12.8887500762939
599,Sweden,2010,23.635,12.721360206604
600,Austria,2011,9.089,9.80349922180176
601,Belgium,2011,18.741,11.2295703887939
602,Bulgaria,2011,23.659,9.98612213134766
603,Switzerland,2011,7.902,15.3431043624878
604,Cyprus,2011,20.683,14.8708009719849
605,Czechia,2011,17.931,10.6301145553589
606,Germany,2011,7.758,9.51164531707764
607,Denmark,2011,14.382,12.0839557647705
608,Spain,2011,43.996,9.69765377044678
609,Estonia,2011,20.599,16.2565689086914
610,Finland,2011,18.328,11.9793186187744
611,France,2011,22.63,9.73781490325928
612,United Kingdom,2011,18.429,12.7290105819702
613,Greece,2011,51.892,8.20070362091064
614,Croatia,2011,36.037,10.4674768447876
615,Hungary,2011,24.612,10.2943744659424
616,Ireland,2011,22.337,
617,Italy,2011,32.145,8.25843811035156
618,Lithuania,2011,29.388,13.1314840316772
619,Luxembourg,2011,20.799,12.0711107254028
620,Latvia,2011,30.709,14.2099361419678
621,Malta,2011,12.877,13.4511823654175
622,Netherlands,2011,9.545,11.6830587387085
623,Norway,2011,7.652,11.3563146591187
624,Poland,2011,28.762,12.3105039596558
625,Portugal,2011,31.698,12.2480764389038
626,Romania,2011,23.557,10.3093748092651
627,Slovak Republic,2011,33.916,10.3220014572144
628,Slovenia,2011,16.701,12.5648069381714
629,Sweden,2011,22.226,12.7205333709717
630,Austria,2012,9.254,9.77025699615479
631,Belgium,2012,18.874,11.0699214935303
632,Bulgaria,2012,26.033,9.66042137145996
633,Switzerland,2012,7.998,15.3788661956787
634,Cyprus,2012,26.053,14.0066299438477
635,Czechia,2012,19.014,10.1663341522217
636,Germany,2012,7.281,9.51723003387451
637,Denmark,2012,14.8,12.0301713943481
638,Spain,2012,51.44,8.55840301513672
639,Estonia,2012,18.468,15.6193103790283
640,Finland,2012,17.968,11.5580825805664
641,France,2012,23.077,9.61224365234375
642,United Kingdom,2012,18.078,12.2744722366333
643,Greece,2012,63.465,8.08769798278809
644,Croatia,2012,41.948,10.8154163360596
645,Hungary,2012,27.038,9.5221004486084
646,Ireland,2012,23.569,
647,Italy,2012,37.624,8.01842975616455
648,Lithuania,2012,22.703,14.9880838394165
649,Luxembourg,2012,18.604,12.1591119766235
650,Latvia,2012,29.519,14.7431201934814
651,Malta,2012,14.499,13.3912534713745
652,Netherlands,2012,11.63,11.7369089126587
653,Norway,2012,6.926,11.2804746627808
654,Poland,2012,29.897,12.4844741821289
655,Portugal,2012,39.263,11.0157775878906
656,Romania,2012,22.999,7.88751125335693
657,Slovak Republic,2012,32.533,9.77054595947266
658,Slovenia,2012,20.912,12.9351224899292
659,Sweden,2012,22.172,12.6329460144043
660,Austria,2013,10.02,9.73365116119385
661,Belgium,2013,22.477,11.3517208099365
662,Bulgaria,2013,25.695,9.75960445404053
663,Switzerland,2013,8.79,15.0640153884888
664,Cyprus,2013,36.09,14.7843351364136
665,Czechia,2013,19.452,10.6200428009033
666,Germany,2013,7.082,9.7097110748291
667,Denmark,2013,13.317,12.3308391571045
668,Spain,2013,54.611,8.97512054443359
669,Estonia,2013,19.789,15.3818626403809
670,Finland,2013,16.986,11.2070598602295
671,France,2013,24.367,9.59853649139404
672,United Kingdom,2013,17.988,12.1287822723389
673,Greece,2013,64.136,7.16932964324951
674,Croatia,2013,50.146,10.5198698043823
675,Hungary,2013,27.868,9.41478633880615
676,Ireland,2013,22.787,
677,Italy,2013,41.491,8.0210485458374
678,Lithuania,2013,20.387,14.7460718154907
679,Luxembourg,2013,10.913,11.3840436935425
680,Latvia,2013,24.969,14.9403123855591
681,Malta,2013,10.355,13.6161975860596
682,Netherlands,2013,12.855,11.5621957778931
683,Norway,2013,7.516,11.0502948760986
684,Poland,2013,30.03,12.3380889892578
685,Portugal,2013,39.593,10.9740028381348
686,Romania,2013,24.557,7.8434419631958
687,Slovak Republic,2013,31.635,9.71387577056885
688,Slovenia,2013,23.563,10.6639356613159
689,Sweden,2013,22.213,12.5447206497192
690,Austria,2014,9.929,9.42200183868408
691,Belgium,2014,22.316,11.3424959182739
692,Bulgaria,2014,23.753,9.427565574646
693,Switzerland,2014,8.563,15.2539520263672
694,Cyprus,2014,34.255,11.3143348693848
695,Czechia,2014,17.091,10.6447257995605
696,Germany,2014,7.039,9.74810409545898
697,Denmark,2014,12.847,12.9065752029419
698,Spain,2014,52.926,9.17328262329102
699,Estonia,2014,9.963,14.616979598999
700,Finland,2014,18.274,11.0744342803955
701,France,2014,23.109,9.59419918060303
702,United Kingdom,2014,14.672,12.3615922927856
703,Greece,2014,58.4,8.53313446044922
704,Croatia,2014,46.396,10.6503143310547
705,Hungary,2014,20.905,10.3912000656128
706,Ireland,2014,19.84,
707,Italy,2014,44.706,7.94235134124756
708,Lithuania,2014,18.749,14.5009775161743
709,Luxembourg,2014,17.967,11.2722311019897
710,Latvia,2014,19.951,15.1853151321411
711,Malta,2014,9.51,13.3270425796509
712,Netherlands,2014,13.096,11.7969799041748
713,Norway,2014,6.597,11.0784196853638
714,Poland,2014,25.456,12.3902273178101
715,Portugal,2014,35.402,10.2731599807739
716,Romania,2014,24.64,8.42980480194092
717,Slovak Republic,2014,30.113,9.33177375793457
718,Slovenia,2014,21.258,11.7385368347168
719,Sweden,2014,21.355,12.8379640579224
720,Austria,2015,10.013,9.65059852600098
721,Belgium,2015,20.047,11.7361478805542
722,Bulgaria,2015,22.279,9.69010066986084
723,Switzerland,2015,8.406,15.384970664978
724,Cyprus,2015,30.715,13.863242149353
725,Czechia,2015,14.443,10.4988613128662
726,Germany,2015,6.46,9.63814353942871
727,Denmark,2015,11.13,12.8566246032715
728,Spain,2015,47.981,9.41445732116699
729,Estonia,2015,13.007,14.9788484573364
730,Finland,2015,19.63,10.972207069397
731,France,2015,23.408,9.59043502807617
732,United Kingdom,2015,12.839,12.2949190139771
733,Greece,2015,55.244,7.68333673477173
734,Croatia,2015,43.716,10.4640331268311
735,Hungary,2015,15.92,10.3242197036743
736,Ireland,2015,16.349,
737,Italy,2015,42.646,7.94384479522705
738,Lithuania,2015,16.678,14.4306173324585
739,Luxembourg,2015,15.671,11.093451499939
740,Latvia,2015,14.144,15.2136878967285
741,Malta,2015,9.811,13.2297430038452
742,Netherlands,2015,11.15,11.8186254501343
743,Norway,2015,8.591,11.0946817398071
744,Poland,2015,20.929,12.6554670333862
745,Portugal,2015,34.522,10.5435152053833
746,Romania,2015,23.315,8.50127220153809
747,Slovak Republic,2015,27.571,9.12630558013916
748,Slovenia,2015,14.551,11.4590120315552
749,Sweden,2015,19.483,13.0176734924316
750,Austria,2016,10.214,9.77871322631836
751,Belgium,2016,18.13,11.6954307556152
752,Bulgaria,2016,16.917,9.763916015625
753,Switzerland,2016,8.401,15.3578214645386
754,Cyprus,2016,31.775,14.6343183517456
755,Czechia,2016,11.383,9.93392562866211
756,Germany,2016,6.095,9.4778299331665
757,Denmark,2016,10.826,12.9486169815063
758,Spain,2016,44.911,9.66042995452881
759,Estonia,2016,10.615,14.3647565841675
760,Finland,2016,18.549,10.876088142395
761,France,2016,23.975,9.54159355163574
762,United Kingdom,2016,11.017,12.2454032897949
763,Greece,2016,50.853,8.05513381958008
764,Croatia,2016,31.335,10.5424289703369
765,Hungary,2016,12.856,10.6055021286011
766,Ireland,2016,13.558,
767,Italy,2016,39.642,7.86237335205078
768,Lithuania,2016,12.638,13.9628229141235
769,Luxembourg,2016,18.062,10.8930511474609
770,Latvia,2016,12.127,14.7979717254639
771,Malta,2016,11.332,14.110915184021
772,Netherlands,2016,10.255,12.0879125595093
773,Norway,2016,9.255,10.9676599502563
774,Poland,2016,17.976,12.0719213485718
775,Portugal,2016,28.792,10.6469306945801
776,Romania,2016,21.824,9.59609127044678
777,Slovak Republic,2016,26.369,9.05462169647217
778,Slovenia,2016,14.73,11.9989252090454
779,Sweden,2016,17.206,13.3378877639771
780,Austria,2017,8.711,9.81950569152832
781,Belgium,2017,18.067,11.9768667221069
782,Bulgaria,2017,12.459,10.1444025039673
783,Switzerland,2017,7.987,15.359375
784,Cyprus,2017,22.715,14.4133911132812
785,Czechia,2017,8.756,10.4360103607178
786,Germany,2017,5.776,9.48073101043701
787,Denmark,2017,11.883,12.7363147735596
788,Spain,2017,37.419,9.75414752960205
789,Estonia,2017,9.425,14.4936990737915
790,Finland,2017,19.315,10.5400705337524
791,France,2017,21.186,9.54689502716064
792,United Kingdom,2017,10.53,12.2813653945923
793,Greece,2017,48.384,8.03267192840576
794,Croatia,2017,27.767,10.7396984100342
795,Hungary,2017,12.036,10.8394899368286
796,Ireland,2017,12.586,
797,Italy,2017,37.311,7.91769123077393
798,Lithuania,2017,11.667,13.6782789230347
799,Luxembourg,2017,13.274,10.7928800582886
800,Latvia,2017,15.413,14.9332962036133
801,Malta,2017,9.908,13.5024223327637
802,Netherlands,2017,8.763,12.0739765167236
803,Norway,2017,8.987,11.0532388687134
804,Poland,2017,15.114,11.8687410354614
805,Portugal,2017,25.543,10.1069326400757
806,Romania,2017,18.706,8.50618743896484
807,Slovak Republic,2017,20.219,9.8207836151123
808,Slovenia,2017,12.92,12.3341503143311
809,Sweden,2017,16.949,13.6155624389648
810,Austria,2018,9.369,9.81190967559814
811,Belgium,2018,15.268,11.8788394927979
812,Bulgaria,2018,11.893,9.54122543334961
813,Switzerland,2018,7.444,15.4628915786743
814,Cyprus,2018,16.029,11.7928562164307
815,Czechia,2018,7.189,11.2675294876099
816,Germany,2018,5.11,9.63820171356201
817,Denmark,2018,9.228,12.6484069824219
818,Spain,2018,33.261,9.57202339172363
819,Estonia,2018,11.228,15.8006401062012
820,Finland,2018,16.758,10.3994731903076
821,France,2018,19.902,9.56552600860596
822,United Kingdom,2018,10.185,12.1116199493408
823,Greece,2018,44.07,8.45666408538818
824,Croatia,2018,29.473,10.4801244735718
825,Hungary,2018,10.681,10.8592433929443
826,Ireland,2018,12.595,12.4752531051636
827,Italy,2018,34.837,8.11164093017578
828,Lithuania,2018,10.071,13.3184099197388
829,Luxembourg,2018,11.918,10.8911542892456
830,Latvia,2018,11.829,14.8106164932251
831,Malta,2018,6.751,13.8488693237305
832,Netherlands,2018,6.648,11.9594812393188
833,Norway,2018,8.604,11.0503911972046
834,Poland,2018,12.114,12.027419090271
835,Portugal,2018,20.85,10.2643232345581
836,Romania,2018,16.295,9.09863567352295
837,Slovak Republic,2018,16.174,9.88332748413086
838,Slovenia,2018,9.531,12.371244430542
839,Sweden,2018,16.248,13.8270950317383
840,Austria,2019,7.782,9.8905029296875
841,Belgium,2019,12.31,11.8170013427734
842,Bulgaria,2019,8.296,10.4822626113892
843,Switzerland,2019,7.159,15.6454629898071
844,Cyprus,2019,14.179,13.5074253082275
845,Czechia,2019,5.992,11.8427038192749
846,Germany,2019,4.767,9.71987533569336
847,Denmark,2019,9.726,12.7428998947144
848,Spain,2019,34.469,9.57694053649902
849,Estonia,2019,12.114,15.525013923645
850,Finland,2019,15.563,10.5227766036987
851,France,2019,18.111,9.48199844360352
852,United Kingdom,2019,9.113,12.018479347229
853,Greece,2019,37.215,8.35541915893555
854,Croatia,2019,19.83,10.9761648178101
855,Hungary,2019,10.596,10.1927442550659
856,Ireland,2019,10.616,
857,Italy,2019,31.222,8.04736328125
858,Lithuania,2019,9.249,13.275951385498
859,Luxembourg,2019,16.019,11.1409530639648
860,Latvia,2019,10.131,15.0182542800903
861,Malta,2019,7.972,14.0778341293335
862,Netherlands,2019,6.205,11.8349256515503
863,Norway,2019,9.491,10.8743686676025
864,Poland,2019,10.236,11.9878053665161
865,Portugal,2019,21.41,10.5292549133301
866,Romania,2019,17.534,10.0880603790283
867,Slovak Republic,2019,19.741,10.4709911346436
868,Slovenia,2019,9.154,12.5714797973633
869,Sweden,2019,19.656,14.0827951431274
870,Austria,2020,9.496,8.96463680267334
871,Belgium,2020,15.121,11.1489362716675
872,Bulgaria,2020,13.678,9.45689678192139
873,Switzerland,2020,8.0,14.2384071350098
874,Cyprus,2020,11.975,12.9371271133423
875,Czechia,2020,9.133,10.743049621582
876,Germany,2020,6.671,9.19867610931396
877,Denmark,2020,10.615,11.9155778884888
878,Spain,2020,39.729,9.02206134796143
879,Estonia,2020,18.61,14.2844390869141
880,Finland,2020,19.361,10.2389678955078
881,France,2020,19.967,8.82271194458008
882,United Kingdom,2020,11.613,10.7294292449951
883,Greece,2020,39.486,7.53919172286987
884,Croatia,2020,25.079,10.3530426025391
885,Hungary,2020,13.985,9.3338794708252
886,Ireland,2020,15.245,11.8775758743286
887,Italy,2020,31.772,7.4938817024231
888,Lithuania,2020,17.307,12.170557975769
889,Luxembourg,2020,21.378,10.6174039840698
890,Latvia,2020,15.464,13.7033185958862
891,Malta,2020,8.083,12.5467901229858
892,Netherlands,2020,9.032,10.9442539215088
893,Norway,2020,10.493,10.1225461959839
894,Poland,2020,11.507,10.6044521331787
895,Portugal,2020,24.451,9.60721397399902
896,Romania,2020,16.531,8.80073928833008
897,Slovak Republic,2020,21.216,9.93961334228516
898,Slovenia,2020,16.07,11.1256284713745
899,Sweden,2020,22.729,13.4472208023071
900,Austria,2021,11.272,8.84664344787598
901,Belgium,2021,16.162,11.3198261260986
902,Bulgaria,2021,15.341,10.561671257019
903,Switzerland,2021,8.756,14.5508413314819
904,Cyprus,2021,16.315,12.7362098693848
905,Czechia,2021,9.09,10.8769035339355
906,Germany,2021,6.387,8.84707832336426
907,Denmark,2021,10.939,11.8883810043335
908,Spain,2021,35.572,9.1786003112793
909,Estonia,2021,14.966,14.251974105835
910,Finland,2021,16.392,10.2311220169067
911,France,2021,18.785,8.87541103363037
912,United Kingdom,2021,11.202,11.2324705123901
913,Greece,2021,41.069,7.11189556121826
914,Croatia,2021,26.398,10.720606803894
915,Hungary,2021,15.485,10.3632917404175
916,Ireland,2021,14.5,12.0236730575562
917,Italy,2021,32.857,7.43716192245483
918,Lithuania,2021,14.719,12.7444953918457
919,Luxembourg,2021,16.129,10.994065284729
920,Latvia,2021,14.585,12.6532640457153
921,Malta,2021,5.937,12.6663818359375
922,Netherlands,2021,9.199,11.019962310791
923,Norway,2021,11.781,10.2669334411621
924,Poland,2021,12.492,11.1692733764648
925,Portugal,2021,26.377,9.70918846130371
926,Romania,2021,21.16,8.14435482025146
927,Slovak Republic,2021,22.034,9.35237979888916
928,Slovenia,2021,14.41,11.5017423629761
929,Sweden,2021,24.0,13.4986047744751
930,Austria,2022,9.269,
931,Belgium,2022,14.347,
932,Bulgaria,2022,13.835,
933,Switzerland,2022,7.235,
934,Cyprus,2022,18.921,
935,Czechia,2022,8.335,
936,Germany,2022,4.986,
937,Denmark,2022,9.267,
938,Spain,2022,28.443,
939,Estonia,2022,19.842,
940,Finland,2022,13.66,
941,France,2022,17.319,
942,United Kingdom,2022,8.264,
943,Greece,2022,37.274,
944,Croatia,2022,24.671,
945,Hungary,2022,9.785,
946,Ireland,2022,8.015,
947,Italy,2022,25.569,
948,Lithuania,2022,9.186,
949,Luxembourg,2022,16.394,
950,Latvia,2022,8.805,
951,Malta,2022,5.355,
952,Netherlands,2022,7.966,
953,Norway,2022,8.642,
954,Poland,2022,9.595,
955,Portugal,2022,19.84,
956,Romania,2022,23.648,
957,Slovak Republic,2022,20.272,
958,Slovenia,2022,12.293,
959,Sweden,2022,22.488,
